time,zone,moisture,humidity,temperature,ir,vis,uv,ph
Tue--Dec----5--00:00:00,A,77.13965610662531,6.375502063922578,59.271948905752424,26.015057343891968,92.72529089164702,31.9734720353292,7.6150259526152695
Tue--Dec----5--00:00:00,B,48.62987152815054,69.80267949249897,56.391597830505475,96.12347485121373,33.996783151794254,94.55831361272307,6.656450081279003
Tue--Dec----5--00:15:00,A,25.607557190374585,30.231269638493785,77.36512008392472,93.83645543675593,30.876054998409387,82.85930125091805,7.598606908969326
Tue--Dec----5--00:15:00,B,10.069498587677185,16.320478017592322,76.69569756343293,81.61321975105518,13.091263236612427,69.33529007716446,7.589149969144822
Tue--Dec----5--00:30:00,A,75.51234446894786,21.538456579265475,70.81401703209164,62.38318215637171,44.635027336687536,71.77040736857634,5.771828664089576
Tue--Dec----5--00:30:00,B,43.76288647534437,33.938503951193255,55.583937879638206,48.89697324170415,27.039082717519236,29.45116682615855,7.613419216801617
Tue--Dec----5--00:45:00,A,23.357736328069013,15.57695186570932,48.03790650711523,67.7488556584779,53.380939528324376,3.2478101358485723,5.7290845908372585
Tue--Dec----5--00:45:00,B,82.71403766338499,7.980579203959415,77.2736903034394,47.20880224513271,94.65864269644597,40.484484269010736,5.902468797969974
Tue--Dec----5--01:00:00,A,42.16694875157746,85.34613418199217,68.6051380698631,90.51284654743372,55.02891060512174,32.182873771922196,7.512601604588948
Tue--Dec----5--01:00:00,B,42.599186032947,84.0744178473285,76.18492741347868,33.73917091094162,57.33452252410029,54.800360750178655,6.0368038562333375
Tue--Dec----5--01:15:00,A,16.30339601286256,4.428534209563395,76.935134773642,99.40895014239467,15.68065010708095,38.2372459273453,6.452275297530857
Tue--Dec----5--01:15:00,B,18.358351497550007,89.10671991284934,57.91633567083081,9.911188101281198,39.38808981608728,91.09813305696825,6.047401248219698
Tue--Dec----5--01:30:00,A,68.30755065945738,9.663580785566994,76.93063503527297,92.00800286952648,89.39327472045674,49.46199437749919,5.153766165611999
Tue--Dec----5--01:30:00,B,55.44641643999917,67.74559489635239,44.00453034037591,65.31994349118675,43.081306817878925,65.60394158388108,7.278128639034426
Tue--Dec----5--01:45:00,A,16.521868461952693,20.437704310433524,42.62249351070682,83.45510299859936,58.02929190439355,19.73314057643457,5.394696642659049
Tue--Dec----5--01:45:00,B,49.930432479534815,90.46485480177382,67.6662898527503,28.57064694788688,80.6218688640895,33.115901128468394,7.851425230248023
Tue--Dec----5--02:00:00,A,37.15059594357037,23.958063549861286,57.581207589783745,0.7460634782648135,10.30955515494889,70.08978364073538,5.026570668126153
Tue--Dec----5--02:00:00,B,1.109861954703717,85.24722225231466,46.573197497830215,93.62370891857975,58.96044012635148,10.147235700030244,5.958915847758332
Tue--Dec----5--02:15:00,A,43.47428567922259,83.64995601380882,54.45171573580021,29.431635802456025,0.8136626541781822,95.6876383525396,5.5439899374504495
Tue--Dec----5--02:15:00,B,18.338985013476083,15.590596488346886,53.57657464653295,25.75867517517597,23.399442671364124,1.053098326676838,6.8865868598764814
Tue--Dec----5--02:30:00,A,12.49866817943639,76.7571490960474,70.81662216754759,5.877351656080865,62.8022378528473,11.473151672252847,5.182029957615631
Tue--Dec----5--02:30:00,B,10.932004918887339,98.65301322791868,84.42465022875894,68.41281669491511,53.63092670302303,61.83798840735272,6.489497635997433
Tue--Dec----5--02:45:00,A,53.94445487920323,16.22988592502904,68.63886927887091,35.149844583936854,25.373707733388805,72.22136735422905,7.328358819588743
Tue--Dec----5--02:45:00,B,36.0954944834427,0.842162068942065,81.5837118268887,5.63066887260073,6.179433219277753,14.871786306000335,7.2791514425151895
Tue--Dec----5--03:00:00,A,60.78455550108055,66.08738811737105,86.56378986273927,54.860169718139105,50.275204760238054,48.46439129214634,5.696668561651972
Tue--Dec----5--03:00:00,B,16.619689442180206,3.6615675852644136,59.39132125170216,47.89666573623447,66.97531038451072,85.31334682183507,7.211566258478358
Tue--Dec----5--03:15:00,A,21.723729306939422,67.16585102395572,77.13321318914163,68.79002324369966,64.13395186905598,47.803719957334,6.581727432295025
Tue--Dec----5--03:15:00,B,87.00580262804051,39.67832868930283,52.16312855195118,27.683705510109103,2.3453054919925886,2.0874105111671204,6.847827784792672
Tue--Dec----5--03:30:00,A,28.840112851785303,2.253876078331063,54.62874847327073,11.380045580554354,82.96795723021697,31.589488642014896,7.863925073168131
Tue--Dec----5--03:30:00,B,33.77415391517692,70.59767220325509,60.28506598090276,31.388595610529222,54.18777062092403,71.21868642876285,5.700770351679675
Tue--Dec----5--03:45:00,A,58.39290177965637,54.71504566325098,53.622540228849445,15.049455455928273,34.44815976860247,38.6739433399454,5.332736511770464
Tue--Dec----5--03:45:00,B,32.44397790492106,39.83921056488362,83.84416734737309,73.92947571172121,76.43922753676267,12.49700398483531,7.037307446190061
Tue--Dec----5--04:00:00,A,13.302063639531593,94.11994845073377,44.57644209128254,26.330331977463615,52.41870669125912,16.83540914173981,6.597081930532516
Tue--Dec----5--04:00:00,B,35.436317424165686,6.2254101132596995,59.21231443442099,74.95396844093185,47.563023203798714,60.246494353174526,6.027860799813524
Tue--Dec----5--04:15:00,A,89.22127540556396,56.13933895426742,61.27693606275469,24.86162404802347,86.4265223502409,54.870198944520254,7.847824529605779
Tue--Dec----5--04:15:00,B,51.78646214190863,92.82808879184834,66.39200706216931,30.526280322866338,83.25408606157445,84.51772138315172,6.229779802291502
Tue--Dec----5--04:30:00,A,26.584416242972708,35.1770498839097,58.5434821200279,80.15001350687831,93.8654078641823,24.407546523973345,6.83792163282622
Tue--Dec----5--04:30:00,B,63.84971721236138,16.48356528340863,44.92860462913578,33.38155464781607,20.56199069994683,1.9697530298141919,7.800589166770176
Tue--Dec----5--04:45:00,A,95.12525387909783,55.41702884453702,47.887787550012696,95.40350802205369,1.2609256549644288,47.544739636407904,7.331237162562212
Tue--Dec----5--04:45:00,B,89.09524162470976,34.172487645326754,58.69591486489328,99.41117337862345,94.0778703199853,56.111457229688,5.50138532091466
Tue--Dec----5--05:00:00,A,28.447780456302795,38.368978547247934,57.91035727143054,52.16028112910691,19.938937989711427,77.89156479880207,6.485443636714532
Tue--Dec----5--05:00:00,B,15.753856592997506,85.90476726546864,80.06088663254211,90.93697555901056,77.05456491117786,6.873949619704556,7.766726109531256
Tue--Dec----5--05:15:00,A,44.99666121654082,51.485114847751014,54.62579111168144,36.77775712488798,70.55579762385227,35.988343887362205,5.208044511582995
Tue--Dec----5--05:15:00,B,86.32131141600375,59.77094704329031,68.45936635593394,86.36689718466883,30.930935149886295,17.166197197311874,6.704250294997657
Tue--Dec----5--05:30:00,A,23.6097420238328,39.043057048710864,62.72999277736379,2.0157066246844435,44.28592735110178,26.420298007532317,6.051937434586977
Tue--Dec----5--05:30:00,B,19.57889828183402,0.502743877538403,67.21058264020049,90.08151635621297,96.88396328140773,48.46792937307437,6.895641691473722
Tue--Dec----5--05:45:00,A,71.54997178239604,32.47001208743383,71.8547187181168,88.36052927021517,94.9956019289782,38.56020429822345,6.27009510541725
Tue--Dec----5--05:45:00,B,8.817444207589276,10.56812888274975,73.17035212404298,99.84618127130484,96.94569321279319,78.8385001754175,6.672752066479562
Tue--Dec----5--06:00:00,A,16.639743412783837,40.34274191003371,71.52151537229838,61.62439427202976,48.432951221880536,51.300504458088,5.133054395762938
Tue--Dec----5--06:00:00,B,80.06331269504906,96.78832771997119,56.99201527528355,65.42879892341907,55.903607860069215,70.11468872199303,7.742898805688117
Tue--Dec----5--06:15:00,A,39.67847475365212,33.93993092109522,57.00877301562048,45.74376273080452,28.652450913701177,15.657054761506405,7.924762494257984
Tue--Dec----5--06:15:00,B,89.36534712947797,17.027120060598968,83.01828149148025,98.79847770786945,62.58181430426334,35.31506572224829,7.74933153398117
Tue--Dec----5--06:30:00,A,98.21139453367226,6.518651536492815,45.715711211825784,35.902163068292836,93.92858039691099,3.100915112557956,6.870946722036642
Tue--Dec----5--06:30:00,B,19.623832892386073,97.19981551073434,86.61434772734009,24.66744574794365,47.862623171644195,16.844934355346584,5.992033294032144
Tue--Dec----5--06:45:00,A,88.80400900383887,48.821046387916724,64.76679811533836,98.86665195769197,29.69307608822216,90.20255495136593,7.9427056742003685
Tue--Dec----5--06:45:00,B,23.109396997667552,63.74732279640932,47.851476090352875,1.7771640270932476,91.56406076932461,12.339605347967975,6.989462427577257
Tue--Dec----5--07:00:00,A,57.02347281447352,53.849264090359064,67.88425005911952,29.82726886753726,95.25425067190388,38.83387504891631,7.57392354779906
Tue--Dec----5--07:00:00,B,24.349860517943522,53.863454137610475,53.500846469114514,52.41762812489368,56.99489627971589,62.14217526618388,6.064905528616352
Tue--Dec----5--07:15:00,A,1.8697677332893292,15.483249016940947,82.31973138006563,97.52711123793155,3.0315075121937984,68.99599561706448,5.7371070960688275
Tue--Dec----5--07:15:00,B,96.90873217962536,34.31740004798477,76.66377555678895,55.01986378001592,72.83620401109138,10.817413987148573,7.807069904598453
Tue--Dec----5--07:30:00,A,73.31843473688691,76.37578663346166,63.21105388754067,85.2926637775822,95.68146228181689,29.24191957754302,7.3934009684443875
Tue--Dec----5--07:30:00,B,81.22291179147784,89.52231601144709,45.462586645846315,73.50018774048962,76.91522459435333,17.521913576684113,7.2906077655898365
Tue--Dec----5--07:45:00,A,87.12025434444885,66.33210581331342,43.113570860347416,19.24056926612928,83.1122875752354,5.505996765511101,6.155728288610107
Tue--Dec----5--07:45:00,B,76.62146432835394,85.78535043351647,82.85521246812701,50.22860607126262,96.30199229716247,41.968980485044426,5.2456620154087545
Tue--Dec----5--08:00:00,A,79.25190822615971,17.26877546005292,83.53280206027495,15.778050510183462,3.9718484036732726,40.88659053198241,6.907808003237166
Tue--Dec----5--08:00:00,B,30.662985576267097,18.6821786726054,67.84381372196867,23.657335483534858,78.04269178129717,75.09513682095988,5.658906890832267
Tue--Dec----5--08:15:00,A,24.570370253260133,53.21462304144762,88.4371045459597,53.310058150563435,7.960318237909125,75.73542932944348,7.657601483700889
Tue--Dec----5--08:15:00,B,84.00124788528117,63.835815405073696,55.67790080655393,50.54062511380392,56.133775282393536,44.369263543662804,5.403136546284528
Tue--Dec----5--08:30:00,A,85.12011573947042,41.287172275015116,77.7696242500065,28.142409119124146,33.324753176072704,19.971718363316292,6.711825063458475
Tue--Dec----5--08:30:00,B,96.46754628431822,57.621005504604916,80.33062443025564,22.295566612908114,17.994707790640028,71.37009831400844,7.6474899125855496
Tue--Dec----5--08:45:00,A,63.33477779274238,26.91493665809207,52.71822412313536,82.72655875619084,26.26767973645664,77.98746754735488,6.1400812108181295
Tue--Dec----5--08:45:00,B,67.96807832929113,85.00725870507921,67.9370939495358,5.465955215396345,60.24131988346873,58.29160762570555,5.471173700025518
Tue--Dec----5--09:00:00,A,71.7768681536871,5.784593597246235,74.54166190538372,67.14445853948784,38.75942026192707,36.786969901908364,6.8880434366162095
Tue--Dec----5--09:00:00,B,58.369269447773085,72.2350718262719,42.15434464584483,17.473300583754757,10.200424033968936,2.1603959096117897,7.686208056956257
Tue--Dec----5--09:15:00,A,80.47408653627636,90.7610344706024,71.87767730545485,40.94247033215059,48.89374768682217,28.0016755621013,7.29187513531001
Tue--Dec----5--09:15:00,B,52.58160612545228,72.32671795574296,86.46095184835353,63.59427252890195,93.86688156490108,85.43484018889666,7.5995715648830044
Tue--Dec----5--09:30:00,A,60.310037627479204,7.5331399171620355,54.63575145134111,61.31983454139653,58.0799950212869,84.20596438146652,6.865381642534526
Tue--Dec----5--09:30:00,B,9.333526133628256,58.80678491571386,89.29930520431483,77.08084900393575,76.92957832366486,97.77137741562017,5.958585880303715
Tue--Dec----5--09:45:00,A,31.522722326534268,53.31415110284752,47.827621207572946,59.01234589311225,66.57325554090504,9.095258487072888,6.511475936275093
Tue--Dec----5--09:45:00,B,20.778977330336325,99.52581288825043,77.6360146320576,86.15149850890909,28.43521393931323,78.96805647255793,6.247803301133177
Tue--Dec----5--10:00:00,A,99.54682992508937,19.016345028951054,78.3965712233618,55.61223356125975,63.7095813328476,26.82971444303964,7.888658988908356
Tue--Dec----5--10:00:00,B,13.942474641284797,34.100959799037675,56.14171333586768,90.58076286564533,44.06900561367034,83.75054579329658,5.059057015158814
Tue--Dec----5--10:15:00,A,69.28242602770356,42.60773263903115,79.32812210828632,46.53415403549131,65.41067909884251,55.49080904189735,7.071993534839259
Tue--Dec----5--10:15:00,B,11.129966939036928,57.266277631518534,58.76620493819721,34.33533401159203,68.46471287559592,29.384629549356234,7.393958871372883
Tue--Dec----5--10:30:00,A,78.26812236008107,29.157774564748873,78.12082912065561,99.93522023087901,47.30243921795581,37.055703649826334,5.942849148539715
Tue--Dec----5--10:30:00,B,88.31849921600083,76.26937114506028,63.516133243761956,86.32214555782369,43.03687151696569,11.772613102275741,7.931256925949031
Tue--Dec----5--10:45:00,A,60.37111001919212,29.036588426084066,51.849373855279616,99.20865362584196,52.182147651246346,3.1100788590721185,5.82217108352504
Tue--Dec----5--10:45:00,B,67.33443385714733,92.7775981282273,41.51953045748409,36.33783755573641,57.72577333162893,20.39204133303103,6.916804815781332
Tue--Dec----5--11:00:00,A,37.60707447998316,49.73666875309212,67.30692599409535,76.38867524331137,16.01698796038328,2.571970893826292,6.552083005240354
Tue--Dec----5--11:00:00,B,13.408105602308352,82.78309529013914,77.08880212037326,61.418453981109955,38.01004738927875,36.93802267007141,5.3543724209108134
Tue--Dec----5--11:15:00,A,17.603970146552818,31.045880690221416,51.998112323891945,30.10311540694566,43.28877525462915,33.33220527831339,5.606627838187512
Tue--Dec----5--11:15:00,B,53.15298455165897,57.80647554948799,54.9551223705851,62.44362864708579,90.31638972803219,85.72986765213273,5.045669341377558
Tue--Dec----5--11:30:00,A,44.73067468126845,80.86365228706181,55.0174139322928,77.60121322023171,20.387394083584088,91.53472038700592,6.263265849605
Tue--Dec----5--11:30:00,B,93.89197376074195,25.41001481194851,53.619033667175586,20.080255162273563,44.56420403995922,17.884860106536603,5.747431655858675
Tue--Dec----5--11:45:00,A,35.17534772382308,2.1162544315982856,50.424122912440914,59.90350343166174,6.092502757333563,47.72462220451088,5.693455717597081
Tue--Dec----5--11:45:00,B,87.4597700162828,26.75647221828631,52.135565923079696,26.928588374739306,12.622504692336856,8.563265902046824,6.423242058195699
Tue--Dec----5--12:00:00,A,99.39471469322625,5.465820919349462,54.11973534641492,95.9497002393778,45.167785371313094,97.43785438074887,6.5539941156067405
Tue--Dec----5--12:00:00,B,98.5751938303474,3.5454943457997046,63.528336924053306,41.71941453755789,80.1722602843435,38.03736607377242,5.848387288811525
Tue--Dec----5--12:15:00,A,75.14237744676466,8.690206248231913,59.753703936735775,0.009712750782209234,57.23668380009841,80.45006594657008,6.2776405102127715
Tue--Dec----5--12:15:00,B,69.28234257462917,51.879310234942075,59.26269422319338,17.722395507827137,0.6821420786297994,23.3963594737861,7.040787401654377
Tue--Dec----5--12:30:00,A,97.35611314747983,33.20786339127656,63.12137660805037,82.91711353198654,37.5919118680334,57.70771896983378,5.010329480930696
Tue--Dec----5--12:30:00,B,1.0182914921614605,72.48140928145463,89.45154900996084,75.78211792299808,51.24716863844305,5.931534370927016,6.694809340875892
Tue--Dec----5--12:45:00,A,65.50836750959385,30.948951448451755,78.7695171188916,21.515514363775644,40.068629411119616,73.68517437884603,7.739685679842461
Tue--Dec----5--12:45:00,B,2.6500336053460916,21.514864588829564,50.55619779957177,72.88218812701265,56.54091455729616,79.56851011199582,7.93931121740778
Tue--Dec----5--13:00:00,A,30.320218713443847,31.355747517596143,61.363724432200875,43.33375196506414,17.230188434643,84.95230523819595,5.370877206845809
Tue--Dec----5--13:00:00,B,40.05876636201344,77.15113261204098,41.65674695844359,64.52814968159824,57.616016621966104,43.06915766051665,6.386676140502791
Tue--Dec----5--13:15:00,A,81.06569815503785,43.13278584621446,81.33656584478635,2.409149058163096,0.39817561600696827,38.40413496021306,6.916760095255599
Tue--Dec----5--13:15:00,B,28.621587129442915,53.84838829942941,75.46943195331308,79.13139001239631,74.33233830009425,7.1843960474816,5.164243507635384
Tue--Dec----5--13:30:00,A,8.200521744885469,53.19290187582265,41.316104729163406,66.17559529998297,64.3538786395715,14.858053143397898,5.236802905363868
Tue--Dec----5--13:30:00,B,3.3402820271275946,15.687462199757285,45.6436191688112,75.9619047137276,16.33200704127201,57.20662199911173,7.9473356667667145
Tue--Dec----5--13:45:00,A,95.57389009038121,62.131994652126984,83.87184698366616,33.20063727407702,16.239249818360836,92.23068587225912,6.445288800676873
Tue--Dec----5--13:45:00,B,29.75365247939289,93.6367298302398,50.277286566908415,1.9862772381980198,0.8177987138718423,77.63786473705517,5.866480626557184
Tue--Dec----5--14:00:00,A,92.67197534823364,41.15925299532687,41.09987610840444,8.63751242258327,79.77075379250643,78.71786825401156,5.258387079440884
Tue--Dec----5--14:00:00,B,97.67884804221468,10.69632675946549,72.97341674174848,61.0518713703564,84.3989764646474,25.410850887632098,6.462795238789845
Tue--Dec----5--14:15:00,A,69.76115753719189,46.54972504126046,68.24398401056656,12.209620886820938,60.15049658509019,46.93537234763204,7.943571641256046
Tue--Dec----5--14:15:00,B,94.72997827781128,2.946390816964606,64.51819412653307,7.350606049171782,71.81815404026308,55.082545819403336,7.992019960802506
Tue--Dec----5--14:30:00,A,67.19256886284832,79.65732449525653,61.99537816260718,33.48916508338085,88.98417450771812,21.816360852715665,5.365242113926875
Tue--Dec----5--14:30:00,B,4.326384561921904,97.0968525757647,77.9149594449683,84.3749709572782,95.47811067822867,58.83076198897034,6.75452841826128
Tue--Dec----5--14:45:00,A,36.6145388520235,83.7135466501784,42.879932045694375,87.4327592634342,51.18594018732887,20.388856971113956,5.601127525972302
Tue--Dec----5--14:45:00,B,47.37036508929419,32.58728632410117,71.96886257160938,69.13124278340817,81.08972777067527,16.853543629963873,6.475714434801205
Tue--Dec----5--15:00:00,A,62.150134185240134,27.990569318280865,44.17519152659169,56.208899419604606,89.09513562302696,5.829038801688336,7.654593135391942
Tue--Dec----5--15:00:00,B,18.407980429038208,64.5938441946916,57.01751073175364,64.92972534855144,0.5695517546412621,29.671111632871817,7.3786468101458595
Tue--Dec----5--15:15:00,A,48.454156200782116,52.88383382249797,70.10915736548937,72.93547427704421,30.609582067576902,60.466739719382076,6.017160702446564
Tue--Dec----5--15:15:00,B,67.00232164563484,67.33763587419635,47.058193748411824,96.46306117057905,77.74041971577206,0.03273002960246796,6.676274424668029
Tue--Dec----5--15:30:00,A,57.11204341403268,59.02289042043508,75.9258752171175,57.984438238720884,81.88789891773523,95.92897268728214,6.02338889344765
Tue--Dec----5--15:30:00,B,31.93219004548835,16.34247173909964,77.2183289750388,37.62756145724474,56.23693734654333,70.98801679485125,6.078824967159621
Tue--Dec----5--15:45:00,A,66.28549965838737,47.24016866376104,87.51954301885443,63.22957679143095,92.49006863887544,71.33541989050737,6.941201891325351
Tue--Dec----5--15:45:00,B,91.44633126274255,8.461823837531679,56.489172668970156,75.78376099866962,73.20255658792098,46.86203815304787,5.640356689957777
Tue--Dec----5--16:00:00,A,54.09457695774961,2.407155576303943,52.36757784857279,60.08954566611643,7.970499727093006,10.404296151129477,5.16791025292191
Tue--Dec----5--16:00:00,B,18.591724720614124,42.4073303956916,44.432865256223664,65.1421331456563,50.566906141696855,70.80754681318004,5.6445838089579485
Tue--Dec----5--16:15:00,A,51.83084148910613,47.02663370177035,46.42771729140838,55.485840434146695,67.17049743479603,55.789441543097304,5.631751495358451
Tue--Dec----5--16:15:00,B,50.951228642486136,40.364993572334974,85.69365765064575,90.55866013399911,77.40630124285968,36.612062867914084,5.516214349745861
Tue--Dec----5--16:30:00,A,70.41853460262331,29.12100730539763,46.43173459489654,10.557176605033003,28.9258324760291,28.778645386511272,7.010503746135564
Tue--Dec----5--16:30:00,B,1.4974288580912543,88.01722063912815,56.98947295781235,30.115030909767036,76.85996871658965,76.15002526942051,6.590456081968645
Tue--Dec----5--16:45:00,A,74.2778790512916,96.3150362590153,48.04650983751212,10.826803985538058,10.990029943936674,17.54177332561422,6.398663779728318
Tue--Dec----5--16:45:00,B,9.520182065880345,71.64095271961011,45.45448940952507,72.0849306600021,47.380409075430904,76.80382403094454,7.449212037351716
Tue--Dec----5--17:00:00,A,90.10297406716198,5.761378024399377,67.28913788164084,75.23299329799819,63.20556046642025,30.013103670525943,7.725260691175275
Tue--Dec----5--17:00:00,B,52.12358358780279,31.06361554100763,52.891277236141555,4.628704934546857,92.4981682480972,4.246123967611737,5.126661739782252
Tue--Dec----5--17:15:00,A,28.27903421165733,18.562438831340522,81.14226094465806,61.46545530122689,99.1994112474881,6.812128845739718,5.174144522728238
Tue--Dec----5--17:15:00,B,66.7455467126686,64.59906113551529,46.8359976517325,77.10816879545732,16.181728019935683,10.536656092995377,7.994926493325827
Tue--Dec----5--17:30:00,A,64.34950257561317,8.722363985171755,89.51818147059176,33.33757595790649,80.62529033027349,25.63385430559906,5.12292057271458
Tue--Dec----5--17:30:00,B,30.50872825219968,23.5672780024752,40.58260777295542,65.19894297823178,72.64712482543257,52.913790546843245,6.677885296973068
Tue--Dec----5--17:45:00,A,24.32561656088844,0.5022665782145386,70.83417220191585,24.436385036107943,69.49931049719473,96.19595142744043,5.57615275638236
Tue--Dec----5--17:45:00,B,90.32819250963213,24.851280827032475,70.95354528322035,59.184966903774985,28.621582476838427,17.779949650002347,5.8895343453982365
Tue--Dec----5--18:00:00,A,14.006948362984573,57.39252671756264,61.43670333087972,67.42479282347242,2.6358643115086067,48.02975159290652,5.456166915951069
Tue--Dec----5--18:00:00,B,84.00360592310466,67.4478948844853,74.78180278761874,70.20223350091142,10.117843195862463,75.0370862400813,5.1376932967832
Tue--Dec----5--18:15:00,A,0.15515060817149484,37.886097627084034,65.45877056657878,1.14251639780234,24.715884443807333,33.90323356417305,7.1251538762128455
Tue--Dec----5--18:15:00,B,93.46345421538832,15.690720631973987,43.65766105997285,46.12836577546111,37.924029958106644,48.84771095729049,6.813975236133054
Tue--Dec----5--18:30:00,A,15.66997467086778,23.639975089675936,61.13956244136154,24.89053943017996,41.98152611834141,96.0504670129152,5.245349601745016
Tue--Dec----5--18:30:00,B,99.5482891516669,28.12694005017713,71.63050165375398,2.442386138199193,97.17397556797707,47.690873567256766,7.124089162701323
Tue--Dec----5--18:45:00,A,29.94604290266404,7.758729490403205,74.40340370216812,41.85105056171624,26.970640926840172,78.0005252307508,6.9515581096402155
Tue--Dec----5--18:45:00,B,66.18737835635224,19.36852094124032,56.53108337818159,48.548739656568095,2.39063321992532,28.920590277178825,5.71017915888561
Tue--Dec----5--19:00:00,A,36.7957690262076,24.90578900429943,70.50572984673435,23.26773966900545,34.158685812087455,57.373806699604955,7.579080038953293
Tue--Dec----5--19:00:00,B,97.28129575174886,52.84896972325458,71.69133885212159,27.2157312258541,78.17394791921785,2.8353741817386813,5.451981375849362
Tue--Dec----5--19:15:00,A,87.69776109697005,33.525369717214524,64.35217222665707,17.37367108075074,33.720354249025995,98.16165249273394,5.483627460277471
Tue--Dec----5--19:15:00,B,54.24152790702901,76.18247454201843,69.79607034433664,17.18410979066991,59.68651169308264,99.62524320257822,5.56860956405212
Tue--Dec----5--19:30:00,A,32.94709824801498,56.69797391245549,67.36404387419131,89.70237786427084,59.08886843771729,81.52956302285357,5.915268713185576
Tue--Dec----5--19:30:00,B,30.959668801492302,97.64974056822243,79.7979925137814,14.161399921961248,72.63314278415568,27.293687353412576,5.656241327594045
Tue--Dec----5--19:45:00,A,33.9073905828674,20.116889946187477,67.4564127974223,93.35891608134142,32.4894393081972,34.07811149296318,6.524616120112633
Tue--Dec----5--19:45:00,B,20.411164989186926,76.9622695959558,76.93643345352615,74.40104046312871,84.1815863548202,18.243874402724224,6.81105812260304
Tue--Dec----5--20:00:00,A,87.30879476172386,83.65493746991002,65.45270614629247,69.83793479958892,93.7059198113213,38.47104285090482,5.39487454870085
Tue--Dec----5--20:00:00,B,73.5676001200434,13.675257826014365,73.45415486819243,19.273143296894666,53.90092046391448,30.880101771599243,7.069174510902828
Tue--Dec----5--20:15:00,A,25.37563863004788,38.63071816223882,75.59277211624979,85.84344437213429,85.43856367757729,96.68542393288945,7.076609649477575
Tue--Dec----5--20:15:00,B,73.67233170814981,32.20042404610154,54.985067213739185,60.71752640689358,43.633170941881325,33.525657979896415,7.057051161866793
Tue--Dec----5--20:30:00,A,49.02682774712552,20.71080221062951,53.18136394760087,32.60556118949795,15.124720940604208,10.850222388278475,5.663067047618309
Tue--Dec----5--20:30:00,B,84.53799952575503,77.74770692554178,89.39015365395264,89.2801991570091,91.22397181284826,87.24164602900376,6.8451105144806625
Tue--Dec----5--20:45:00,A,2.087252292604902,45.78748136459039,72.5117044591648,81.29039492657849,47.57186161801562,3.2719008486848167,7.334553209503924
Tue--Dec----5--20:45:00,B,14.812726396779707,90.01213985872766,68.85410263540797,28.78886910655938,91.17788246949992,38.17092270361846,7.744379521502248
Tue--Dec----5--21:00:00,A,64.38708200526926,57.55178273234659,73.60466271633425,22.876004614874923,4.7472934066439265,21.955149300988587,7.12733912844633
Tue--Dec----5--21:00:00,B,65.9377103689813,32.3369240773174,71.43382989948734,57.69606546021366,18.04478329442416,45.99573340968121,7.474723563565149
Tue--Dec----5--21:15:00,A,76.73080460968639,83.94897985645939,80.68910106100418,59.416673551134615,24.149963935586214,21.638035597865514,5.37453151124309
Tue--Dec----5--21:15:00,B,67.41118859056797,8.87821432600563,76.50550420490333,88.871050660098,38.698236912747205,56.030030695288836,7.923369265864703
Tue--Dec----5--21:30:00,A,10.341372867555643,34.74525887846872,86.63269206010756,89.42057928462603,25.815063112274583,8.609185031670407,5.830399441834386
Tue--Dec----5--21:30:00,B,80.09076126084264,63.862900457674165,83.65104394769463,43.71592689572109,18.230796489993683,86.18833555617529,7.809524609750696
Tue--Dec----5--21:45:00,A,67.51928967928893,37.46404938910486,46.3439952311531,13.261834785742932,19.502402093326985,5.862318161362934,7.161460662291212
Tue--Dec----5--21:45:00,B,52.28478962233438,15.040864019347378,46.49417267290384,13.753944039290777,99.57809833653725,82.77636668987047,5.244054210410208
Tue--Dec----5--22:00:00,A,26.905113328014917,82.86285581292503,50.698914830930896,87.19272401687768,17.049022190905905,99.60038206095167,7.63730012259908
Tue--Dec----5--22:00:00,B,84.07720727285752,59.180596148321364,89.3133115434295,96.39339088580161,67.03530799687432,29.206514060721556,6.945845384800437
Tue--Dec----5--22:15:00,A,73.376739776191,75.17471755879785,55.58311941524727,22.537616159122354,82.40933770430473,42.86396417527661,5.285596327614354
Tue--Dec----5--22:15:00,B,70.9802207586786,18.647960479419456,83.47241367628568,64.5686672591285,71.7776541667761,3.4113981734996135,7.2533534510467135
Tue--Dec----5--22:30:00,A,95.7664574371208,49.434786671866405,52.264366674290656,33.97153866509639,87.89268848701673,87.26753701539224,6.406418289744821
Tue--Dec----5--22:30:00,B,38.41262820751321,53.16342519465199,72.77046356399077,10.879145578789473,83.97587577934092,43.899140502082524,6.365615597628287
Tue--Dec----5--22:45:00,A,20.062799796167262,72.71600085034969,49.48151529877572,48.65106100630118,7.002781899956467,49.575676382834274,7.9910053043533305
Tue--Dec----5--22:45:00,B,15.099833440146782,2.9389224332705743,49.16579546380767,64.19188906177584,31.30476877101397,78.09292095506602,5.422560388216092
Tue--Dec----5--23:00:00,A,18.2643717795426,17.06735258958276,78.07039545638234,7.649980592798789,95.41536173602191,1.0219022277544343,5.961372280046444
Tue--Dec----5--23:00:00,B,96.83675692974802,39.83281919294901,81.9521218085278,53.259665500077546,82.39005346296896,97.89415079952556,6.933750136578746
Tue--Dec----5--23:15:00,A,47.450958085782524,33.75800197963811,45.08734949715531,26.703302424550035,61.85950738310311,50.839276943308754,6.977579360295364
Tue--Dec----5--23:15:00,B,21.20674417945273,51.21511460317063,68.89539991120651,72.5184570088856,44.212178035384476,74.68643811697783,5.533983373643586
Tue--Dec----5--23:30:00,A,55.11861167585255,5.386501271937294,66.30310446184095,49.439654214564776,87.73682083810907,9.983487709272032,6.250132589940863
Tue--Dec----5--23:30:00,B,62.23834698559919,50.45434241958786,68.43371205183816,92.72390161514731,12.057597832731858,26.9357650294774,5.708532877789459
Tue--Dec----5--23:45:00,A,96.95825179841779,92.38809969253148,82.83638636538305,86.50758014363696,92.05253408445759,44.859083766077056,6.745860085401803
Tue--Dec----5--23:45:00,B,24.344495731977588,28.283434799843032,50.23349494498966,77.18450578081851,62.24124119601445,79.11190493994968,7.164765259068467
